Handle,Title,Body (HTML),Vendor,Product Category,Type,Tags,Published,Option1 Name,Option1 Value,Option1 Linked To,Option2 Name,Option2 Value,Option2 Linked To,Option3 Name,Option3 Value,Option3 Linked To,Variant SKU,Variant Grams,Variant Inventory Tracker,Variant Inventory Policy,Variant Fulfillment Service,Variant Price,Variant Compare At Price,Variant Requires Shipping,Variant Taxable,Variant Barcode,Image Src,Image Position,Image Alt Text,Gift Card,SEO Title,SEO Description,Google Shopping / Google Product Category,Google Shopping / Gender,Google Shopping / Age Group,Google Shopping / MPN,Google Shopping / Condition,Google Shopping / Custom Product,Google Shopping / Custom Label 0,Google Shopping / Custom Label 1,Google Shopping / Custom Label 2,Google Shopping / Custom Label 3,Google Shopping / Custom Label 4,Variant Image,Variant Weight Unit,Variant Tax Code,Cost per item,Included / Singapore,Price / Singapore,Compare At Price / Singapore,Included / International,Price / International,Compare At Price / International,Status
lunachill-cooling-gel-pillow,LunaChillâ„¢ â€“ Cooling Gel Pillow,"<h2 data-start=""42"" data-end=""120""><strong data-start=""47"" data-end=""118"">Stay Cool, Sleep Deep â€“ The Perfect Temperature for Restful Nights.</strong></h2>
<p data-start=""122"" data-end=""467"">Waking up drenched in sweat? Say goodbye to overheating and restless nights with <strong data-start=""203"" data-end=""217"">LunaChillâ„¢</strong>, the <strong data-start=""223"" data-end=""245"">cooling gel pillow</strong> designed to regulate temperature and keep you comfortable all night long. Engineered with <strong data-start=""336"" data-end=""371"">advanced cooling gel technology</strong>, it absorbs and dissipates heat, allowing for <strong data-start=""418"" data-end=""442"">cooler, deeper sleep</strong>â€”even in warm climates.</p>
<h4 data-start=""469"" data-end=""505""><strong data-start=""474"" data-end=""503"">ðŸŒ™ Why Choose LunaChillâ„¢?</strong></h4>
<p data-start=""506"" data-end=""969"">âœ… <strong data-start=""508"" data-end=""534"">Instant Cooling Relief</strong> â€“ Infused with <strong data-start=""550"" data-end=""580"">temperature-regulating gel</strong> to prevent heat buildup.<br data-start=""605"" data-end=""608"">âœ… <strong data-start=""610"" data-end=""643"">Breathable &amp; Moisture-Wicking</strong> â€“ Keeps you <strong data-start=""656"" data-end=""686"">cool, dry, and comfortable</strong> all night.<br data-start=""697"" data-end=""700"">âœ… <strong data-start=""702"" data-end=""727"">Ergonomic Memory Foam</strong> â€“ <strong data-start=""730"" data-end=""764"">Contours to your head and neck</strong>, providing <strong data-start=""776"" data-end=""795"">optimal support</strong>.<br data-start=""796"" data-end=""799"">âœ… <strong data-start=""801"" data-end=""835"">Hypoallergenic &amp; Skin-Friendly</strong> â€“ Made with <strong data-start=""848"" data-end=""880"">premium, non-toxic materials</strong>.<br data-start=""881"" data-end=""884"">âœ… <strong data-start=""886"" data-end=""916"">Durable &amp; Easy to Maintain</strong> â€“ Removable, machine-washable cover for easy care.</p>
<h4 data-start=""971"" data-end=""1006""><strong data-start=""976"" data-end=""1004"">ðŸ›Œ How LunaChillâ„¢ Works:</strong></h4>
<ul data-start=""1007"" data-end=""1278"">
<li data-start=""1007"" data-end=""1097"">
<strong data-start=""1009"" data-end=""1039"">Heat-Dissipating Gel Layer</strong> â€“ Absorbs excess heat and <strong data-start=""1066"" data-end=""1094"">maintains a cool surface</strong>.</li>
<li data-start=""1098"" data-end=""1192"">
<strong data-start=""1100"" data-end=""1124"">Adaptive Memory Foam</strong> â€“ Provides <strong data-start=""1136"" data-end=""1173"">customized neck &amp; spine alignment</strong> for pain relief.</li>
<li data-start=""1193"" data-end=""1278"">
<strong data-start=""1195"" data-end=""1226"">Moisture-Wicking Technology</strong> â€“ Prevents <strong data-start=""1238"" data-end=""1254"">night sweats</strong> and enhances airflow.</li>
</ul>
<h4 data-start=""1280"" data-end=""1308""><strong data-start=""1285"" data-end=""1306"">ðŸ’¡ Who Is It For?</strong></h4>
<p data-start=""1309"" data-end=""1557"">ðŸ”¹ Hot sleepers who struggle with <strong data-start=""1343"" data-end=""1367"">overheating at night</strong><br data-start=""1367"" data-end=""1370"">ðŸ”¹ Individuals experiencing <strong data-start=""1398"" data-end=""1437"">night sweats or hormonal imbalances</strong><br data-start=""1437"" data-end=""1440"">ðŸ”¹ People looking for <strong data-start=""1462"" data-end=""1486"">neck &amp; spine support</strong> while sleeping<br data-start=""1501"" data-end=""1504"">ðŸ”¹ Anyone wanting <strong data-start=""1522"" data-end=""1555"">cooler, more refreshing sleep</strong></p>
<h4 data-start=""1559"" data-end=""1630""><strong data-start=""1564"" data-end=""1628"">âœ¨ Sleep Cool &amp; Wake Up Refreshed â€“ Try LunaChillâ„¢ Risk-Free!</strong></h4>
<p data-start=""1631"" data-end=""1736"">Enjoy <strong data-start=""1637"" data-end=""1685"">cool, uninterrupted sleep or your money back</strong> with our <strong data-start=""1695"" data-end=""1730"">30-night satisfaction guarantee</strong>. ðŸŒ™</p>
<p data-start=""1738"" data-end=""1798"">ðŸ‘‰ <strong data-start=""1741"" data-end=""1796"">Get Yours Today &amp; Sleep at the Perfect Temperature!</strong></p>",Luna-Noche,Uncategorized,"","",true,Color,A,,,,,,,,14:193#A,0.0,dsers-fulfillment-service,continue,dsers-fulfillment-service,89.00,100.00,true,false,,https://cdn.shopify.com/s/files/1/0916/8011/2927/files/S5bbba38ae4394e458b881dcc1df048a41.webp?v=1739441141,1,"",false,,,,,,,,,,,,,,https://cdn.shopify.com/s/files/1/0916/8011/2927/files/S5cfcc81ce5d642ce8f9a57a2aef1dd6fe.webp?v=1739441141,kg,,35.39,true,,,true,,,active
lunachill-cooling-gel-pillow,,,,,,,,,B,,,,,,,,14:175#B,0.0,dsers-fulfillment-service,continue,dsers-fulfillment-service,89.00,100.00,true,false,,https://cdn.shopify.com/s/files/1/0916/8011/2927/files/S58864ba50af0469897aaa59db7d1e4b1x.webp?v=1739441142,2,"",,,,,,,,,,,,,,,https://cdn.shopify.com/s/files/1/0916/8011/2927/files/S566273843b48493ca7d429e5a3d657bbI.webp?v=1739441141,kg,,32.36,,,,,,,
lunachill-cooling-gel-pillow,,,,,,,,,,,,,,,,,,,,,,,,,,,https://cdn.shopify.com/s/files/1/0916/8011/2927/files/S3876ed1528864ca296db3abd88984495A.webp?v=1739441141,3,"",,,,,,,,,,,,,,,,,,,,,,,,,
lunachill-cooling-gel-pillow,,,,,,,,,,,,,,,,,,,,,,,,,,,https://cdn.shopify.com/s/files/1/0916/8011/2927/files/Sb208e4d7ff984de6b63b4d88bc09a9a6i.webp?v=1739441142,4,"",,,,,,,,,,,,,,,,,,,,,,,,,
lunachill-cooling-gel-pillow,,,,,,,,,,,,,,,,,,,,,,,,,,,https://cdn.shopify.com/s/files/1/0916/8011/2927/files/Sdac8f591f55244059515518d3fa53277v.webp?v=1739441141,5,"",,,,,,,,,,,,,,,,,,,,,,,,,
lunachill-cooling-gel-pillow,,,,,,,,,,,,,,,,,,,,,,,,,,,https://cdn.shopify.com/s/files/1/0916/8011/2927/files/S46a8ecde396749a3b37c2394567450e89.webp?v=1739441142,6,"",,,,,,,,,,,,,,,,,,,,,,,,,
lunachill-cooling-gel-pillow,,,,,,,,,,,,,,,,,,,,,,,,,,,https://cdn.shopify.com/s/files/1/0916/8011/2927/files/S1f3e0a67aa6a41f58facdce0a356844ax.webp?v=1739441142,7,"",,,,,,,,,,,,,,,,,,,,,,,,,
lunachill-cooling-gel-pillow,,,,,,,,,,,,,,,,,,,,,,,,,,,https://cdn.shopify.com/s/files/1/0916/8011/2927/files/S50c192a705de4f2d95bc50ddf032c0bfr.webp?v=1739441142,8,"",,,,,,,,,,,,,,,,,,,,,,,,,
lunachill-cooling-gel-pillow,,,,,,,,,,,,,,,,,,,,,,,,,,,https://cdn.shopify.com/s/files/1/0916/8011/2927/files/S566273843b48493ca7d429e5a3d657bbI.webp?v=1739441141,9,"",,,,,,,,,,,,,,,,,,,,,,,,,
lunachill-cooling-gel-pillow,,,,,,,,,,,,,,,,,,,,,,,,,,,https://cdn.shopify.com/s/files/1/0916/8011/2927/files/S5cfcc81ce5d642ce8f9a57a2aef1dd6fe.webp?v=1739441141,10,"",,,,,,,,,,,,,,,,,,,,,,,,,
lunacalmâ„¢-therapeutic-heavy-weight-blanket,LunaCalmâ„¢ â€“ Therapeutic Heavy-Weight Blanket,"<h2 data-end=""110"" data-start=""55""><strong data-end=""108"" data-start=""60"">Feel the Embrace of Deep, Restorative Sleep.</strong></h2>
<p data-end=""500"" data-start=""112"">Tossing and turning at night? <strong data-end=""155"" data-start=""142"">LunaCalmâ„¢</strong> is your ultimate <strong data-end=""209"" data-start=""173"">sleep-enhancing weighted blanket</strong>, designed to provide <strong data-end=""280"" data-start=""231"">gentle, deep-touch pressure stimulation (DTP)</strong>â€”a proven method to reduce stress, anxiety, and restless sleep. Experience the <strong data-end=""388"" data-start=""359"">comfort of a warm embrace</strong> that soothes your nervous system and helps you fall asleep faster, stay asleep longer, and wake up refreshed.</p>
<h4 data-end=""537"" data-start=""502""><strong data-end=""535"" data-start=""507"">ðŸŒ™ Why Choose LunaCalmâ„¢?</strong></h4>
<p data-end=""1032"" data-start=""538"">âœ… <strong data-end=""582"" data-start=""540"">Scientifically Proven to Improve Sleep</strong> â€“ Uses deep pressure therapy to promote relaxation.<br data-end=""637"" data-start=""634"">âœ… <strong data-end=""667"" data-start=""639"">Reduces Stress &amp; Anxiety</strong> â€“ Mimics the feeling of a comforting hug for instant calm.<br data-end=""729"" data-start=""726"">âœ… <strong data-end=""759"" data-start=""731"">Even Weight Distribution</strong> â€“ Premium micro-glass beads ensure <strong data-end=""822"" data-start=""795"">no bunching or shifting</strong>.<br data-end=""826"" data-start=""823"">âœ… <strong data-end=""859"" data-start=""828"">Breathable &amp; Cooling Design</strong> â€“ Soft, moisture-wicking fabric to keep you <strong data-end=""934"" data-start=""904"">comfortable all year round</strong>.<br data-end=""938"" data-start=""935"">âœ… <strong data-end=""967"" data-start=""940"">Multiple Weight Options</strong> â€“ Available in different weights for <strong data-end=""1029"" data-start=""1005"">personalized comfort</strong>.</p>
<h4 data-end=""1068"" data-start=""1034""><strong data-end=""1066"" data-start=""1039"">ðŸ›Œ How LunaCalmâ„¢ Works:</strong></h4>
<ul data-end=""1402"" data-start=""1069"">
<li data-end=""1191"" data-start=""1069"">
<strong data-end=""1106"" data-start=""1071"">Activates Serotonin &amp; Melatonin</strong> â€“ Reduces cortisol (stress hormone) while increasing <strong data-end=""1188"" data-start=""1160"">feel-good sleep hormones</strong>.</li>
<li data-end=""1286"" data-start=""1192"">
<strong data-end=""1220"" data-start=""1194"">Enhances Sleep Quality</strong> â€“ Helps you <strong data-end=""1255"" data-start=""1233"">fall asleep faster</strong> and enter deep sleep cycles.</li>
<li data-end=""1402"" data-start=""1287"">
<strong data-end=""1322"" data-start=""1289"">Minimizes Nighttime Movements</strong> â€“ <strong data-end=""1357"" data-start=""1325"">Prevents tossing and turning</strong>, ensuring a <strong data-end=""1399"" data-start=""1370"">calm, uninterrupted night</strong>.</li>
</ul>
<h4 data-end=""1432"" data-start=""1404""><strong data-end=""1430"" data-start=""1409"">ðŸ’¡ Who Is It For?</strong></h4>
<p data-end=""1683"" data-start=""1433"">ðŸ”¹ Individuals struggling with <strong data-end=""1493"" data-start=""1464"">insomnia &amp; restless sleep</strong><br data-end=""1496"" data-start=""1493"">ðŸ”¹ Those dealing with <strong data-end=""1556"" data-start=""1518"">stress, anxiety, or sensory issues</strong><br data-end=""1559"" data-start=""1556"">ðŸ”¹ Anyone looking for a <strong data-end=""1604"" data-start=""1583"">natural sleep aid</strong> without medication<br data-end=""1626"" data-start=""1623"">ðŸ”¹ People who wake up feeling <strong data-end=""1681"" data-start=""1656"">exhausted or unrested</strong></p>
<h4 data-end=""1756"" data-start=""1685""><strong data-end=""1754"" data-start=""1690"">âœ¨ Sleep Deeper, Wake Up Refreshed â€“ Try LunaCalmâ„¢ Risk-Free!</strong></h4>
<p data-end=""1903"" data-start=""1757"">Join thousands of happy sleepers who <strong data-end=""1835"" data-start=""1794"">experience deeper, more restful sleep</strong> with <strong data-end=""1854"" data-start=""1841"">LunaCalmâ„¢</strong>. <strong data-end=""1901"" data-start=""1856"">30-night satisfaction guarantee included!</strong></p>
<p data-end=""1951"" data-start=""1905"">ðŸ‘‰ <strong data-end=""1949"" data-start=""1908"">Choose Your Weight &amp; Get Yours Today!</strong></p>",Luna-Noche,Uncategorized,"","",true,Size,150x200cm 3kg,,Color,Pink,,,,,14:496#Pink;200007763:201336100;5:202826817#150x200cm 3kg,0.0,dsers-fulfillment-service,continue,dsers-fulfillment-service,299.00,380.00,true,false,,https://cdn.shopify.com/s/files/1/0916/8011/2927/files/S8b500eb3164944ebba151e404bfe7d37f.webp?v=1739441078,1,"",false,,,,,,,,,,,,,,https://cdn.shopify.com/s/files/1/0916/8011/2927/files/S1ea4646bffcf4e8388880559c11133d85.webp?v=1739441078,kg,,136.32,true,,,true,,,active
lunacalmâ„¢-therapeutic-heavy-weight-blanket,,,,,,,,,150x200cm 3kg,,,Purple,,,,,14:1052#Purple;200007763:201336100;5:202826817#150x200cm 3kg,0.0,dsers-fulfillment-service,continue,dsers-fulfillment-service,299.00,380.00,true,false,,https://cdn.shopify.com/s/files/1/0916/8011/2927/files/Sbf029ab062564cae8407e942be7484b4o.webp?v=1739441078,2,"",,,,,,,,,,,,,,,https://cdn.shopify.com/s/files/1/0916/8011/2927/files/S7cd31937535c4986a34eea49a65591cb4.webp?v=1739441078,kg,,136.32,,,,,,,
lunacalmâ„¢-therapeutic-heavy-weight-blanket,,,,,,,,,150x200cm 3kg,,,Khaki,,,,,14:10#Khaki;200007763:201336100;5:202826817#150x200cm 3kg,0.0,dsers-fulfillment-service,continue,dsers-fulfillment-service,299.00,380.00,true,false,,https://cdn.shopify.com/s/files/1/0916/8011/2927/files/S31f0a34c233b4108a865dbe385fc9871K.webp?v=1739441077,3,"",,,,,,,,,,,,,,,https://cdn.shopify.com/s/files/1/0916/8011/2927/files/Se158e04e711444daad0fad7179be1317g.webp?v=1739441079,kg,,136.32,,,,,,,
lunacalmâ„¢-therapeutic-heavy-weight-blanket,,,,,,,,,150x200cm 3kg,,,Green,,,,,14:175#Green;200007763:201336100;5:202826817#150x200cm 3kg,0.0,dsers-fulfillment-service,continue,dsers-fulfillment-service,299.00,380.00,true,false,,https://cdn.shopify.com/s/files/1/0916/8011/2927/files/S834a0f8771774dcdb0f515686ae4c32cB.webp?v=1739441078,4,"",,,,,,,,,,,,,,,https://cdn.shopify.com/s/files/1/0916/8011/2927/files/S66d5d89015e14a1fbadf00ef97cc8a510.webp?v=1739441078,kg,,136.32,,,,,,,
lunacalmâ„¢-therapeutic-heavy-weight-blanket,,,,,,,,,150x200cm 3kg,,,Yellow,,,,,14:173#Yellow;200007763:201336100;5:202826817#150x200cm 3kg,0.0,dsers-fulfillment-service,continue,dsers-fulfillment-service,299.00,380.00,true,false,,https://cdn.shopify.com/s/files/1/0916/8011/2927/files/Se2604ebadc304dae8eb21a7f8c2cfbe1W.webp?v=1739441077,5,"",,,,,,,,,,,,,,,https://cdn.shopify.com/s/files/1/0916/8011/2927/files/S4c6e83f3bf714c43a5aa3a013b657601J.webp?v=1739441078,kg,,136.32,,,,,,,
lunacalmâ„¢-therapeutic-heavy-weight-blanket,,,,,,,,,150x200cm 3kg,,,Blue,,,,,14:366#Blue;200007763:201336100;5:202826817#150x200cm 3kg,0.0,dsers-fulfillment-service,continue,dsers-fulfillment-service,299.00,380.00,true,false,,https://cdn.shopify.com/s/files/1/0916/8011/2927/files/S3a82ffa80198408a8e37a72f82414c2f2.webp?v=1739441078,6,"",,,,,,,,,,,,,,,https://cdn.shopify.com/s/files/1/0916/8011/2927/files/Sa538905f12664a6ab6c5b54d55a59a4fq.webp?v=1739441078,kg,,136.32,,,,,,,
lunacalmâ„¢-therapeutic-heavy-weight-blanket,,,,,,,,,150x200cm 3kg,,,Grey,,,,,14:193#Grey;200007763:201336100;5:202826817#150x200cm 3kg,0.0,dsers-fulfillment-service,continue,dsers-fulfillment-service,299.00,380.00,true,false,,https://cdn.shopify.com/s/files/1/0916/8011/2927/files/S8c9c861e78504452a7803d3147d1ef228.webp?v=1739441078,7,"",,,,,,,,,,,,,,,https://cdn.shopify.com/s/files/1/0916/8011/2927/files/S68491be2b4cf47cdae0f59d40559a190v.webp?v=1739441078,kg,,136.32,,,,,,,
lunacalmâ„¢-therapeutic-heavy-weight-blanket,,,,,,,,,150x200cm 2kg,,,Pink,,,,,14:496#Pink;200007763:201336100;5:202530838#150x200cm 2kg,0.0,dsers-fulfillment-service,continue,dsers-fulfillment-service,299.00,380.00,true,false,,https://cdn.shopify.com/s/files/1/0916/8011/2927/files/Sc088ed5e03df46cda75b8e18b80048caP.webp?v=1739441078,8,"",,,,,,,,,,,,,,,https://cdn.shopify.com/s/files/1/0916/8011/2927/files/S1ea4646bffcf4e8388880559c11133d85.webp?v=1739441078,kg,,105.92,,,,,,,
lunacalmâ„¢-therapeutic-heavy-weight-blanket,,,,,,,,,150x200cm 2kg,,,Purple,,,,,14:1052#Purple;200007763:201336100;5:202530838#150x200cm 2kg,0.0,dsers-fulfillment-service,continue,dsers-fulfillment-service,299.00,380.00,true,false,,https://cdn.shopify.com/s/files/1/0916/8011/2927/files/Se98b4b859f014f16a8e6a2df23f18a7fl.webp?v=1739441078,9,"",,,,,,,,,,,,,,,https://cdn.shopify.com/s/files/1/0916/8011/2927/files/S7cd31937535c4986a34eea49a65591cb4.webp?v=1739441078,kg,,105.92,,,,,,,
lunacalmâ„¢-therapeutic-heavy-weight-blanket,,,,,,,,,150x200cm 2kg,,,Khaki,,,,,14:10#Khaki;200007763:201336100;5:202530838#150x200cm 2kg,0.0,dsers-fulfillment-service,continue,dsers-fulfillment-service,299.00,380.00,true,false,,https://cdn.shopify.com/s/files/1/0916/8011/2927/files/Sc80ef56ecc484446855d601c39ec248aM.webp?v=1739441078,10,"",,,,,,,,,,,,,,,https://cdn.shopify.com/s/files/1/0916/8011/2927/files/Se158e04e711444daad0fad7179be1317g.webp?v=1739441079,kg,,105.92,,,,,,,
lunacalmâ„¢-therapeutic-heavy-weight-blanket,,,,,,,,,150x200cm 2kg,,,Green,,,,,14:175#Green;200007763:201336100;5:202530838#150x200cm 2kg,0.0,dsers-fulfillment-service,continue,dsers-fulfillment-service,299.00,380.00,true,false,,https://cdn.shopify.com/s/files/1/0916/8011/2927/files/S14d9761f86a64376846389b90dbbb21ak.webp?v=1739441078,11,"",,,,,,,,,,,,,,,https://cdn.shopify.com/s/files/1/0916/8011/2927/files/S66d5d89015e14a1fbadf00ef97cc8a510.webp?v=1739441078,kg,,105.92,,,,,,,
lunacalmâ„¢-therapeutic-heavy-weight-blanket,,,,,,,,,150x200cm 2kg,,,Yellow,,,,,14:173#Yellow;200007763:201336100;5:202530838#150x200cm 2kg,0.0,dsers-fulfillment-service,continue,dsers-fulfillment-service,299.00,380.00,true,false,,https://cdn.shopify.com/s/files/1/0916/8011/2927/files/S99971ba2ad6740bfb775478e94993b26A.webp?v=1739441078,12,"",,,,,,,,,,,,,,,https://cdn.shopify.com/s/files/1/0916/8011/2927/files/S4c6e83f3bf714c43a5aa3a013b657601J.webp?v=1739441078,kg,,105.92,,,,,,,
lunacalmâ„¢-therapeutic-heavy-weight-blanket,,,,,,,,,150x200cm 2kg,,,Blue,,,,,14:366#Blue;200007763:201336100;5:202530838#150x200cm 2kg,0.0,dsers-fulfillment-service,continue,dsers-fulfillment-service,299.00,380.00,true,false,,https://cdn.shopify.com/s/files/1/0916/8011/2927/files/Sf2fd9c8b5d224648acca886628b2411fy.webp?v=1739441078,13,"",,,,,,,,,,,,,,,https://cdn.shopify.com/s/files/1/0916/8011/2927/files/Sa538905f12664a6ab6c5b54d55a59a4fq.webp?v=1739441078,kg,,105.92,,,,,,,
lunacalmâ„¢-therapeutic-heavy-weight-blanket,,,,,,,,,150x200cm 2kg,,,Grey,,,,,14:193#Grey;200007763:201336100;5:202530838#150x200cm 2kg,0.0,dsers-fulfillment-service,continue,dsers-fulfillment-service,299.00,380.00,true,false,,https://cdn.shopify.com/s/files/1/0916/8011/2927/files/S8fed377a7b084de1b21a9b22be7fb48aB.webp?v=1739441078,14,"",,,,,,,,,,,,,,,https://cdn.shopify.com/s/files/1/0916/8011/2927/files/S68491be2b4cf47cdae0f59d40559a190v.webp?v=1739441078,kg,,105.92,,,,,,,
lunacalmâ„¢-therapeutic-heavy-weight-blanket,,,,,,,,,220x240cm 5kg,,,Pink,,,,,14:496#Pink;200007763:201336100;5:1184#220x240cm 5kg,0.0,dsers-fulfillment-service,continue,dsers-fulfillment-service,299.00,380.00,true,false,,https://cdn.shopify.com/s/files/1/0916/8011/2927/files/S56bcd13a98f446f992e17cd2fa716b03x.webp?v=1739441078,15,"",,,,,,,,,,,,,,,https://cdn.shopify.com/s/files/1/0916/8011/2927/files/S1ea4646bffcf4e8388880559c11133d85.webp?v=1739441078,kg,,203.57,,,,,,,
lunacalmâ„¢-therapeutic-heavy-weight-blanket,,,,,,,,,220x240cm 5kg,,,Purple,,,,,14:1052#Purple;200007763:201336100;5:1184#220x240cm 5kg,0.0,dsers-fulfillment-service,continue,dsers-fulfillment-service,299.00,380.00,true,false,,https://cdn.shopify.com/s/files/1/0916/8011/2927/files/S8cacf21cb7d843bdaabbc7bfdace2646d.webp?v=1739441078,16,"",,,,,,,,,,,,,,,https://cdn.shopify.com/s/files/1/0916/8011/2927/files/S7cd31937535c4986a34eea49a65591cb4.webp?v=1739441078,kg,,203.57,,,,,,,
lunacalmâ„¢-therapeutic-heavy-weight-blanket,,,,,,,,,220x240cm 5kg,,,Khaki,,,,,14:10#Khaki;200007763:201336100;5:1184#220x240cm 5kg,0.0,dsers-fulfillment-service,continue,dsers-fulfillment-service,299.00,380.00,true,false,,https://cdn.shopify.com/s/files/1/0916/8011/2927/files/Sf0feb9e566e0451f8c0ddce1d7cfe0019.webp?v=1739441078,17,"",,,,,,,,,,,,,,,https://cdn.shopify.com/s/files/1/0916/8011/2927/files/Se158e04e711444daad0fad7179be1317g.webp?v=1739441079,kg,,203.57,,,,,,,
lunacalmâ„¢-therapeutic-heavy-weight-blanket,,,,,,,,,220x240cm 5kg,,,Green,,,,,14:175#Green;200007763:201336100;5:1184#220x240cm 5kg,0.0,dsers-fulfillment-service,continue,dsers-fulfillment-service,299.00,380.00,true,false,,https://cdn.shopify.com/s/files/1/0916/8011/2927/files/S61261984a1a34667a4d37659392a8b3dq.webp?v=1739441077,18,"",,,,,,,,,,,,,,,https://cdn.shopify.com/s/files/1/0916/8011/2927/files/S66d5d89015e14a1fbadf00ef97cc8a510.webp?v=1739441078,kg,,203.57,,,,,,,
lunacalmâ„¢-therapeutic-heavy-weight-blanket,,,,,,,,,220x240cm 5kg,,,Yellow,,,,,14:173#Yellow;200007763:201336100;5:1184#220x240cm 5kg,0.0,dsers-fulfillment-service,continue,dsers-fulfillment-service,299.00,380.00,true,false,,https://cdn.shopify.com/s/files/1/0916/8011/2927/files/S84809468877744dc9a54d6e2b99e06dcq.webp?v=1739441078,19,"",,,,,,,,,,,,,,,https://cdn.shopify.com/s/files/1/0916/8011/2927/files/S4c6e83f3bf714c43a5aa3a013b657601J.webp?v=1739441078,kg,,203.57,,,,,,,
lunacalmâ„¢-therapeutic-heavy-weight-blanket,,,,,,,,,220x240cm 5kg,,,Blue,,,,,14:366#Blue;200007763:201336100;5:1184#220x240cm 5kg,0.0,dsers-fulfillment-service,continue,dsers-fulfillment-service,299.00,380.00,true,false,,https://cdn.shopify.com/s/files/1/0916/8011/2927/files/S876c3b724a17478f8bdd979148c3fb31e.webp?v=1739441078,20,"",,,,,,,,,,,,,,,https://cdn.shopify.com/s/files/1/0916/8011/2927/files/Sa538905f12664a6ab6c5b54d55a59a4fq.webp?v=1739441078,kg,,203.57,,,,,,,
lunacalmâ„¢-therapeutic-heavy-weight-blanket,,,,,,,,,220x240cm 5kg,,,Grey,,,,,14:193#Grey;200007763:201336100;5:1184#220x240cm 5kg,0.0,dsers-fulfillment-service,continue,dsers-fulfillment-service,299.00,380.00,true,false,,https://cdn.shopify.com/s/files/1/0916/8011/2927/files/S46438f6f990949818d758b7eb67af2adu.webp?v=1739441077,21,"",,,,,,,,,,,,,,,https://cdn.shopify.com/s/files/1/0916/8011/2927/files/S68491be2b4cf47cdae0f59d40559a190v.webp?v=1739441078,kg,,203.57,,,,,,,
lunacalmâ„¢-therapeutic-heavy-weight-blanket,,,,,,,,,200x230cm 5kg,,,Pink,,,,,14:496#Pink;200007763:201336100;5:200013022#200x230cm 5kg,0.0,dsers-fulfillment-service,continue,dsers-fulfillment-service,299.00,380.00,true,false,,https://cdn.shopify.com/s/files/1/0916/8011/2927/files/S07ed97cf6ec74a90a636418449753b19l.webp?v=1739441078,22,"",,,,,,,,,,,,,,,https://cdn.shopify.com/s/files/1/0916/8011/2927/files/S1ea4646bffcf4e8388880559c11133d85.webp?v=1739441078,kg,,202.28,,,,,,,
lunacalmâ„¢-therapeutic-heavy-weight-blanket,,,,,,,,,200x230cm 5kg,,,Purple,,,,,14:1052#Purple;200007763:201336100;5:200013022#200x230cm 5kg,0.0,dsers-fulfillment-service,continue,dsers-fulfillment-service,299.00,380.00,true,false,,https://cdn.shopify.com/s/files/1/0916/8011/2927/files/Sa72994f3c11e41a1aea01fa8a7ce867dN.webp?v=1739441078,23,"",,,,,,,,,,,,,,,https://cdn.shopify.com/s/files/1/0916/8011/2927/files/S7cd31937535c4986a34eea49a65591cb4.webp?v=1739441078,kg,,202.28,,,,,,,
lunacalmâ„¢-therapeutic-heavy-weight-blanket,,,,,,,,,200x230cm 5kg,,,Khaki,,,,,14:10#Khaki;200007763:201336100;5:200013022#200x230cm 5kg,0.0,dsers-fulfillment-service,continue,dsers-fulfillment-service,299.00,380.00,true,false,,https://cdn.shopify.com/s/files/1/0916/8011/2927/files/Se38230ab62ac46f7b1755a633f39c986O.webp?v=1739441078,24,"",,,,,,,,,,,,,,,https://cdn.shopify.com/s/files/1/0916/8011/2927/files/Se158e04e711444daad0fad7179be1317g.webp?v=1739441079,kg,,202.28,,,,,,,
lunacalmâ„¢-therapeutic-heavy-weight-blanket,,,,,,,,,200x230cm 5kg,,,Green,,,,,14:175#Green;200007763:201336100;5:200013022#200x230cm 5kg,0.0,dsers-fulfillment-service,continue,dsers-fulfillment-service,299.00,380.00,true,false,,https://cdn.shopify.com/s/files/1/0916/8011/2927/files/Sedab0a65d5ad44aa87962897fb8c8bafr.webp?v=1739441078,25,"",,,,,,,,,,,,,,,https://cdn.shopify.com/s/files/1/0916/8011/2927/files/S66d5d89015e14a1fbadf00ef97cc8a510.webp?v=1739441078,kg,,202.28,,,,,,,
lunacalmâ„¢-therapeutic-heavy-weight-blanket,,,,,,,,,200x230cm 5kg,,,Yellow,,,,,14:173#Yellow;200007763:201336100;5:200013022#200x230cm 5kg,0.0,dsers-fulfillment-service,continue,dsers-fulfillment-service,299.00,380.00,true,false,,https://cdn.shopify.com/s/files/1/0916/8011/2927/files/Sf650433b09b045e9ac93778516e0be9bO.webp?v=1739441078,26,"",,,,,,,,,,,,,,,https://cdn.shopify.com/s/files/1/0916/8011/2927/files/S4c6e83f3bf714c43a5aa3a013b657601J.webp?v=1739441078,kg,,202.28,,,,,,,
lunacalmâ„¢-therapeutic-heavy-weight-blanket,,,,,,,,,200x230cm 5kg,,,Blue,,,,,14:366#Blue;200007763:201336100;5:200013022#200x230cm 5kg,0.0,dsers-fulfillment-service,continue,dsers-fulfillment-service,299.00,380.00,true,false,,https://cdn.shopify.com/s/files/1/0916/8011/2927/files/S8722fd90c99e4cc7a92fd3ab4c3f6c06D.webp?v=1739441078,27,"",,,,,,,,,,,,,,,https://cdn.shopify.com/s/files/1/0916/8011/2927/files/Sa538905f12664a6ab6c5b54d55a59a4fq.webp?v=1739441078,kg,,202.28,,,,,,,
lunacalmâ„¢-therapeutic-heavy-weight-blanket,,,,,,,,,200x230cm 5kg,,,Grey,,,,,14:193#Grey;200007763:201336100;5:200013022#200x230cm 5kg,0.0,dsers-fulfillment-service,continue,dsers-fulfillment-service,299.00,380.00,true,false,,https://cdn.shopify.com/s/files/1/0916/8011/2927/files/S16c8b4f5730b4b1a87a91b8897370b5c2.webp?v=1739441078,28,"",,,,,,,,,,,,,,,https://cdn.shopify.com/s/files/1/0916/8011/2927/files/S68491be2b4cf47cdae0f59d40559a190v.webp?v=1739441078,kg,,202.28,,,,,,,
lunacalmâ„¢-therapeutic-heavy-weight-blanket,,,,,,,,,200x230cm 4kg,,,Pink,,,,,14:496#Pink;200007763:201336100;5:201446871#200x230cm 4kg,0.0,dsers-fulfillment-service,continue,dsers-fulfillment-service,299.00,380.00,true,false,,https://cdn.shopify.com/s/files/1/0916/8011/2927/files/S97e1ecffab1c49f3b6e64c8f2d817bbev.webp?v=1739441078,29,"",,,,,,,,,,,,,,,https://cdn.shopify.com/s/files/1/0916/8011/2927/files/S1ea4646bffcf4e8388880559c11133d85.webp?v=1739441078,kg,,171.24,,,,,,,
lunacalmâ„¢-therapeutic-heavy-weight-blanket,,,,,,,,,200x230cm 4kg,,,Purple,,,,,14:1052#Purple;200007763:201336100;5:201446871#200x230cm 4kg,0.0,dsers-fulfillment-service,continue,dsers-fulfillment-service,299.00,380.00,true,false,,https://cdn.shopify.com/s/files/1/0916/8011/2927/files/Se0a60fbc83394a108c6e9c18eeda0ede8.webp?v=1739441078,30,"",,,,,,,,,,,,,,,https://cdn.shopify.com/s/files/1/0916/8011/2927/files/S7cd31937535c4986a34eea49a65591cb4.webp?v=1739441078,kg,,171.24,,,,,,,
lunacalmâ„¢-therapeutic-heavy-weight-blanket,,,,,,,,,200x230cm 4kg,,,Khaki,,,,,14:10#Khaki;200007763:201336100;5:201446871#200x230cm 4kg,0.0,dsers-fulfillment-service,continue,dsers-fulfillment-service,299.00,380.00,true,false,,https://cdn.shopify.com/s/files/1/0916/8011/2927/files/S76f94d93b14947d081a45482c4b36130n.webp?v=1739441078,31,"",,,,,,,,,,,,,,,https://cdn.shopify.com/s/files/1/0916/8011/2927/files/Se158e04e711444daad0fad7179be1317g.webp?v=1739441079,kg,,171.24,,,,,,,
lunacalmâ„¢-therapeutic-heavy-weight-blanket,,,,,,,,,200x230cm 4kg,,,Green,,,,,14:175#Green;200007763:201336100;5:201446871#200x230cm 4kg,0.0,dsers-fulfillment-service,continue,dsers-fulfillment-service,299.00,380.00,true,false,,https://cdn.shopify.com/s/files/1/0916/8011/2927/files/S10a5e6151be94e0796fda4bf2b42beffp.webp?v=1739441078,32,"",,,,,,,,,,,,,,,https://cdn.shopify.com/s/files/1/0916/8011/2927/files/S66d5d89015e14a1fbadf00ef97cc8a510.webp?v=1739441078,kg,,171.24,,,,,,,
lunacalmâ„¢-therapeutic-heavy-weight-blanket,,,,,,,,,200x230cm 4kg,,,Yellow,,,,,14:173#Yellow;200007763:201336100;5:201446871#200x230cm 4kg,0.0,dsers-fulfillment-service,continue,dsers-fulfillment-service,299.00,380.00,true,false,,https://cdn.shopify.com/s/files/1/0916/8011/2927/files/Sa316462b75544bbe87e87fb12e6383feM.webp?v=1739441078,33,"",,,,,,,,,,,,,,,https://cdn.shopify.com/s/files/1/0916/8011/2927/files/S4c6e83f3bf714c43a5aa3a013b657601J.webp?v=1739441078,kg,,171.24,,,,,,,
lunacalmâ„¢-therapeutic-heavy-weight-blanket,,,,,,,,,200x230cm 4kg,,,Blue,,,,,14:366#Blue;200007763:201336100;5:201446871#200x230cm 4kg,0.0,dsers-fulfillment-service,continue,dsers-fulfillment-service,299.00,380.00,true,false,,https://cdn.shopify.com/s/files/1/0916/8011/2927/files/S8df94739d60b4af3909fe4284a57d2fcW.webp?v=1739441078,34,"",,,,,,,,,,,,,,,https://cdn.shopify.com/s/files/1/0916/8011/2927/files/Sa538905f12664a6ab6c5b54d55a59a4fq.webp?v=1739441078,kg,,171.24,,,,,,,
lunacalmâ„¢-therapeutic-heavy-weight-blanket,,,,,,,,,200x230cm 4kg,,,Grey,,,,,14:193#Grey;200007763:201336100;5:201446871#200x230cm 4kg,0.0,dsers-fulfillment-service,continue,dsers-fulfillment-service,299.00,380.00,true,false,,https://cdn.shopify.com/s/files/1/0916/8011/2927/files/Sb94d03dd95c94418ae397a5188ef2a682.webp?v=1739441078,35,"",,,,,,,,,,,,,,,https://cdn.shopify.com/s/files/1/0916/8011/2927/files/S68491be2b4cf47cdae0f59d40559a190v.webp?v=1739441078,kg,,171.24,,,,,,,
lunacalmâ„¢-therapeutic-heavy-weight-blanket,,,,,,,,,180x220cm 4.5kg,,,Pink,,,,,14:496#Pink;200007763:201336100;5:202827821#180x220cm 4.5kg,0.0,dsers-fulfillment-service,continue,dsers-fulfillment-service,299.00,380.00,true,false,,https://cdn.shopify.com/s/files/1/0916/8011/2927/files/Sa60d6636f5a64f7a8d750d3f7ae7a8b2I.webp?v=1739441078,36,"",,,,,,,,,,,,,,,https://cdn.shopify.com/s/files/1/0916/8011/2927/files/S1ea4646bffcf4e8388880559c11133d85.webp?v=1739441078,kg,,187.41,,,,,,,
lunacalmâ„¢-therapeutic-heavy-weight-blanket,,,,,,,,,180x220cm 4.5kg,,,Purple,,,,,14:1052#Purple;200007763:201336100;5:202827821#180x220cm 4.5kg,0.0,dsers-fulfillment-service,continue,dsers-fulfillment-service,299.00,380.00,true,false,,https://cdn.shopify.com/s/files/1/0916/8011/2927/files/S9dedc382b0f344d2bead9d9d0fdeb6d9G.webp?v=1739441078,37,"",,,,,,,,,,,,,,,https://cdn.shopify.com/s/files/1/0916/8011/2927/files/S7cd31937535c4986a34eea49a65591cb4.webp?v=1739441078,kg,,187.41,,,,,,,
lunacalmâ„¢-therapeutic-heavy-weight-blanket,,,,,,,,,180x220cm 4.5kg,,,Khaki,,,,,14:10#Khaki;200007763:201336100;5:202827821#180x220cm 4.5kg,0.0,dsers-fulfillment-service,continue,dsers-fulfillment-service,299.00,380.00,true,false,,https://cdn.shopify.com/s/files/1/0916/8011/2927/files/S2ee2591844ed4484ba088623d7e12130j.webp?v=1739441078,38,"",,,,,,,,,,,,,,,https://cdn.shopify.com/s/files/1/0916/8011/2927/files/Se158e04e711444daad0fad7179be1317g.webp?v=1739441079,kg,,187.41,,,,,,,
lunacalmâ„¢-therapeutic-heavy-weight-blanket,,,,,,,,,180x220cm 4.5kg,,,Green,,,,,14:175#Green;200007763:201336100;5:202827821#180x220cm 4.5kg,0.0,dsers-fulfillment-service,continue,dsers-fulfillment-service,299.00,380.00,true,false,,https://cdn.shopify.com/s/files/1/0916/8011/2927/files/S499834e18880490285f2687df8120b6bG.webp?v=1739441078,39,"",,,,,,,,,,,,,,,https://cdn.shopify.com/s/files/1/0916/8011/2927/files/S66d5d89015e14a1fbadf00ef97cc8a510.webp?v=1739441078,kg,,187.41,,,,,,,
lunacalmâ„¢-therapeutic-heavy-weight-blanket,,,,,,,,,180x220cm 4.5kg,,,Yellow,,,,,14:173#Yellow;200007763:201336100;5:202827821#180x220cm 4.5kg,0.0,dsers-fulfillment-service,continue,dsers-fulfillment-service,299.00,380.00,true,false,,https://cdn.shopify.com/s/files/1/0916/8011/2927/files/Sb4feef0aa2004d17833fb65c95bdd5ebb.webp?v=1739441078,40,"",,,,,,,,,,,,,,,https://cdn.shopify.com/s/files/1/0916/8011/2927/files/S4c6e83f3bf714c43a5aa3a013b657601J.webp?v=1739441078,kg,,187.41,,,,,,,
lunacalmâ„¢-therapeutic-heavy-weight-blanket,,,,,,,,,180x220cm 4.5kg,,,Blue,,,,,14:366#Blue;200007763:201336100;5:202827821#180x220cm 4.5kg,0.0,dsers-fulfillment-service,continue,dsers-fulfillment-service,299.00,380.00,true,false,,https://cdn.shopify.com/s/files/1/0916/8011/2927/files/Sc2b1297fd02449dd8f829744515ba4ecW.webp?v=1739441078,41,"",,,,,,,,,,,,,,,https://cdn.shopify.com/s/files/1/0916/8011/2927/files/Sa538905f12664a6ab6c5b54d55a59a4fq.webp?v=1739441078,kg,,187.41,,,,,,,
lunacalmâ„¢-therapeutic-heavy-weight-blanket,,,,,,,,,180x220cm 4.5kg,,,Grey,,,,,14:193#Grey;200007763:201336100;5:202827821#180x220cm 4.5kg,0.0,dsers-fulfillment-service,continue,dsers-fulfillment-service,299.00,380.00,true,false,,https://cdn.shopify.com/s/files/1/0916/8011/2927/files/Scc56218a301b4427868d885afb82e25bZ.webp?v=1739441078,42,"",,,,,,,,,,,,,,,https://cdn.shopify.com/s/files/1/0916/8011/2927/files/S68491be2b4cf47cdae0f59d40559a190v.webp?v=1739441078,kg,,187.41,,,,,,,
lunacalmâ„¢-therapeutic-heavy-weight-blanket,,,,,,,,,180x220cm 3.5kg,,,Pink,,,,,14:496#Pink;200007763:201336100;5:201446876#180x220cm 3.5kg,0.0,dsers-fulfillment-service,continue,dsers-fulfillment-service,299.00,380.00,true,false,,https://cdn.shopify.com/s/files/1/0916/8011/2927/files/Sa34466890731428596280db0a8c9d9a6W.webp?v=1739441078,43,"",,,,,,,,,,,,,,,https://cdn.shopify.com/s/files/1/0916/8011/2927/files/S1ea4646bffcf4e8388880559c11133d85.webp?v=1739441078,kg,,155.71,,,,,,,
lunacalmâ„¢-therapeutic-heavy-weight-blanket,,,,,,,,,180x220cm 3.5kg,,,Purple,,,,,14:1052#Purple;200007763:201336100;5:201446876#180x220cm 3.5kg,0.0,dsers-fulfillment-service,continue,dsers-fulfillment-service,299.00,380.00,true,false,,https://cdn.shopify.com/s/files/1/0916/8011/2927/files/Se158e04e711444daad0fad7179be1317g.webp?v=1739441079,44,"",,,,,,,,,,,,,,,https://cdn.shopify.com/s/files/1/0916/8011/2927/files/S7cd31937535c4986a34eea49a65591cb4.webp?v=1739441078,kg,,155.71,,,,,,,
lunacalmâ„¢-therapeutic-heavy-weight-blanket,,,,,,,,,180x220cm 3.5kg,,,Khaki,,,,,14:10#Khaki;200007763:201336100;5:201446876#180x220cm 3.5kg,0.0,dsers-fulfillment-service,continue,dsers-fulfillment-service,299.00,380.00,true,false,,https://cdn.shopify.com/s/files/1/0916/8011/2927/files/S66d5d89015e14a1fbadf00ef97cc8a510.webp?v=1739441078,45,"",,,,,,,,,,,,,,,https://cdn.shopify.com/s/files/1/0916/8011/2927/files/Se158e04e711444daad0fad7179be1317g.webp?v=1739441079,kg,,155.71,,,,,,,
lunacalmâ„¢-therapeutic-heavy-weight-blanket,,,,,,,,,180x220cm 3.5kg,,,Green,,,,,14:175#Green;200007763:201336100;5:201446876#180x220cm 3.5kg,0.0,dsers-fulfillment-service,continue,dsers-fulfillment-service,299.00,380.00,true,false,,https://cdn.shopify.com/s/files/1/0916/8011/2927/files/S4c6e83f3bf714c43a5aa3a013b657601J.webp?v=1739441078,46,"",,,,,,,,,,,,,,,https://cdn.shopify.com/s/files/1/0916/8011/2927/files/S66d5d89015e14a1fbadf00ef97cc8a510.webp?v=1739441078,kg,,155.71,,,,,,,
lunacalmâ„¢-therapeutic-heavy-weight-blanket,,,,,,,,,180x220cm 3.5kg,,,Yellow,,,,,14:173#Yellow;200007763:201336100;5:201446876#180x220cm 3.5kg,0.0,dsers-fulfillment-service,continue,dsers-fulfillment-service,299.00,380.00,true,false,,https://cdn.shopify.com/s/files/1/0916/8011/2927/files/Sa538905f12664a6ab6c5b54d55a59a4fq.webp?v=1739441078,47,"",,,,,,,,,,,,,,,https://cdn.shopify.com/s/files/1/0916/8011/2927/files/S4c6e83f3bf714c43a5aa3a013b657601J.webp?v=1739441078,kg,,155.71,,,,,,,
lunacalmâ„¢-therapeutic-heavy-weight-blanket,,,,,,,,,180x220cm 3.5kg,,,Blue,,,,,14:366#Blue;200007763:201336100;5:201446876#180x220cm 3.5kg,0.0,dsers-fulfillment-service,continue,dsers-fulfillment-service,299.00,380.00,true,false,,https://cdn.shopify.com/s/files/1/0916/8011/2927/files/S68491be2b4cf47cdae0f59d40559a190v.webp?v=1739441078,48,"",,,,,,,,,,,,,,,https://cdn.shopify.com/s/files/1/0916/8011/2927/files/Sa538905f12664a6ab6c5b54d55a59a4fq.webp?v=1739441078,kg,,155.71,,,,,,,
lunacalmâ„¢-therapeutic-heavy-weight-blanket,,,,,,,,,180x220cm 3.5kg,,,Grey,,,,,14:193#Grey;200007763:201336100;5:201446876#180x220cm 3.5kg,0.0,dsers-fulfillment-service,continue,dsers-fulfillment-service,299.00,380.00,true,false,,https://cdn.shopify.com/s/files/1/0916/8011/2927/files/S1ea4646bffcf4e8388880559c11133d85.webp?v=1739441078,49,"",,,,,,,,,,,,,,,https://cdn.shopify.com/s/files/1/0916/8011/2927/files/S68491be2b4cf47cdae0f59d40559a190v.webp?v=1739441078,kg,,155.71,,,,,,,
lunacalmâ„¢-therapeutic-heavy-weight-blanket,,,,,,,,,150x200cm 4kg,,,Pink,,,,,14:496#Pink;200007763:201336100;5:202826819#150x200cm 4kg,0.0,dsers-fulfillment-service,continue,dsers-fulfillment-service,299.00,380.00,true,false,,https://cdn.shopify.com/s/files/1/0916/8011/2927/files/S7cd31937535c4986a34eea49a65591cb4.webp?v=1739441078,50,"",,,,,,,,,,,,,,,https://cdn.shopify.com/s/files/1/0916/8011/2927/files/S1ea4646bffcf4e8388880559c11133d85.webp?v=1739441078,kg,,168.01,,,,,,,
lunacalmâ„¢-therapeutic-heavy-weight-blanket,,,,,,,,,150x200cm 4kg,,,Purple,,,,,14:1052#Purple;200007763:201336100;5:202826819#150x200cm 4kg,0.0,dsers-fulfillment-service,continue,dsers-fulfillment-service,299.00,380.00,true,false,,,,,,,,,,,,,,,,,,,https://cdn.shopify.com/s/files/1/0916/8011/2927/files/S7cd31937535c4986a34eea49a65591cb4.webp?v=1739441078,kg,,168.01,,,,,,,
lunacalmâ„¢-therapeutic-heavy-weight-blanket,,,,,,,,,150x200cm 4kg,,,Khaki,,,,,14:10#Khaki;200007763:201336100;5:202826819#150x200cm 4kg,0.0,dsers-fulfillment-service,continue,dsers-fulfillment-service,299.00,380.00,true,false,,,,,,,,,,,,,,,,,,,https://cdn.shopify.com/s/files/1/0916/8011/2927/files/Se158e04e711444daad0fad7179be1317g.webp?v=1739441079,kg,,168.01,,,,,,,
lunacalmâ„¢-therapeutic-heavy-weight-blanket,,,,,,,,,150x200cm 4kg,,,Green,,,,,14:175#Green;200007763:201336100;5:202826819#150x200cm 4kg,0.0,dsers-fulfillment-service,continue,dsers-fulfillment-service,299.00,380.00,true,false,,,,,,,,,,,,,,,,,,,https://cdn.shopify.com/s/files/1/0916/8011/2927/files/S66d5d89015e14a1fbadf00ef97cc8a510.webp?v=1739441078,kg,,168.01,,,,,,,
lunacalmâ„¢-therapeutic-heavy-weight-blanket,,,,,,,,,150x200cm 4kg,,,Yellow,,,,,14:173#Yellow;200007763:201336100;5:202826819#150x200cm 4kg,0.0,dsers-fulfillment-service,continue,dsers-fulfillment-service,299.00,380.00,true,false,,,,,,,,,,,,,,,,,,,https://cdn.shopify.com/s/files/1/0916/8011/2927/files/S4c6e83f3bf714c43a5aa3a013b657601J.webp?v=1739441078,kg,,168.01,,,,,,,
lunacalmâ„¢-therapeutic-heavy-weight-blanket,,,,,,,,,150x200cm 4kg,,,Blue,,,,,14:366#Blue;200007763:201336100;5:202826819#150x200cm 4kg,0.0,dsers-fulfillment-service,continue,dsers-fulfillment-service,299.00,380.00,true,false,,,,,,,,,,,,,,,,,,,https://cdn.shopify.com/s/files/1/0916/8011/2927/files/Sa538905f12664a6ab6c5b54d55a59a4fq.webp?v=1739441078,kg,,168.01,,,,,,,
lunacalmâ„¢-therapeutic-heavy-weight-blanket,,,,,,,,,150x200cm 4kg,,,Grey,,,,,14:193#Grey;200007763:201336100;5:202826819#150x200cm 4kg,0.0,dsers-fulfillment-service,continue,dsers-fulfillment-service,299.00,380.00,true,false,,,,,,,,,,,,,,,,,,,https://cdn.shopify.com/s/files/1/0916/8011/2927/files/S68491be2b4cf47cdae0f59d40559a190v.webp?v=1739441078,kg,,168.01,,,,,,,
lunabreatheâ„¢-advanced-anti-snoring-mask,LunaBreatheâ„¢ â€“ Advanced Anti-Snoring Mask,"<div class=""detailmodule_html"">
<div class=""detail-desc-decorate-richtext"">
<div>
<h2 data-start=""52"" data-end=""112""><strong data-start=""57"" data-end=""110"">Breathe Freely, Sleep Soundly. Wake Up Refreshed.</strong></h2>
<p data-start=""114"" data-end=""360"">Struggling with snoring and restless nights? <strong data-start=""159"" data-end=""175"">LunaBreatheâ„¢</strong> is your ultimate sleep solution, designed to <strong data-start=""221"" data-end=""286"">eliminate snoring, improve airflow, and enhance sleep quality</strong>â€”so you and your partner can finally enjoy peaceful, uninterrupted rest.</p>
<h4 data-start=""362"" data-end=""400""><strong data-start=""367"" data-end=""398"">ðŸŒ™ Why Choose LunaBreatheâ„¢?</strong></h4>
<p data-start=""401"" data-end=""804"">âœ… <strong data-start=""403"" data-end=""432"">Reduces Snoring Instantly</strong> â€“ Opens up airways and promotes smoother breathing.<br data-start=""484"" data-end=""487"">âœ… <strong data-start=""489"" data-end=""524"">Scientifically-Designed Comfort</strong> â€“ Lightweight, ergonomic fit for all-night wear.<br data-start=""573"" data-end=""576"">âœ… <strong data-start=""578"" data-end=""602"">Improves Oxygen Flow</strong> â€“ Enhances nighttime breathing, reducing fatigue.<br data-start=""652"" data-end=""655"">âœ… <strong data-start=""657"" data-end=""684"">Adjustable &amp; Secure Fit</strong> â€“ Customizable straps for optimal comfort.<br data-start=""727"" data-end=""730"">âœ… <strong data-start=""732"" data-end=""767"">Travel-Friendly &amp; Easy to Clean</strong> â€“ Perfect for home and travel use.</p>
<h4 data-start=""806"" data-end=""843""><strong data-start=""811"" data-end=""841"">ðŸ›Œ How LunaBreatheâ„¢ Works:</strong></h4>
<ul data-start=""844"" data-end=""1100"">
<li data-start=""844"" data-end=""936"">
<strong data-start=""846"" data-end=""870"">Opens Nasal Passages</strong> â€“ Enhances airflow and reduces obstructions that cause snoring.</li>
<li data-start=""937"" data-end=""1021"">
<strong data-start=""939"" data-end=""964"">Promotes Deeper Sleep</strong> â€“ Encourages longer REM cycles for full-body recovery.</li>
<li data-start=""1022"" data-end=""1100"">
<strong data-start=""1024"" data-end=""1055"">Relieves Dry Mouth &amp; Throat</strong> â€“ Keeps airways moist and irritation-free.</li>
</ul>
<h4 data-start=""1102"" data-end=""1130""><strong data-start=""1107"" data-end=""1128"">ðŸ’¡ Who Is It For?</strong></h4>
<p data-start=""1131"" data-end=""1378"">ðŸ”¹ Individuals struggling with <strong data-start=""1162"" data-end=""1191"">snoring &amp; disrupted sleep</strong><br data-start=""1191"" data-end=""1194"">ðŸ”¹ Sleep apnea sufferers looking for a <strong data-start=""1233"" data-end=""1258"">non-invasive solution</strong><br data-start=""1258"" data-end=""1261"">ðŸ”¹ Partners of snorers seeking <strong data-start=""1292"" data-end=""1317"">quiet, restful nights</strong><br data-start=""1317"" data-end=""1320"">ðŸ”¹ Frequent travelers needing <strong data-start=""1350"" data-end=""1376"">better sleep on the go</strong></p>
<h4 data-start=""1380"" data-end=""1445""><strong data-start=""1385"" data-end=""1443"">âœ¨ Say Goodbye to Snoring â€“ Try LunaBreatheâ„¢ Risk-Free!</strong></h4>
<p data-start=""1446"" data-end=""1538"">Enjoy <strong data-start=""1452"" data-end=""1487"">better sleep or your money back</strong> with our <strong data-start=""1497"" data-end=""1532"">30-night satisfaction guarantee</strong>. ðŸŒ™</p>
<p data-start=""1540"" data-end=""1606"">ðŸ‘‰ <strong data-start=""1543"" data-end=""1604"">Get Yours Today &amp; Experience the Best Sleep of Your Life!</strong></p>
</div>
</div>
</div>",Luna-Noche,Uncategorized,"","",true,Color,blue,,,,,,,,14:193#blue,0.0,dsers-fulfillment-service,continue,dsers-fulfillment-service,29.00,40.00,true,false,,https://cdn.shopify.com/s/files/1/0916/8011/2927/files/S37a82695ef2c416787151cc81de639ae5.webp?v=1739440563,1,"",false,,,,,,,,,,,,,,https://cdn.shopify.com/s/files/1/0916/8011/2927/files/S34ee1c56319a4946aada09a63bde30bcB.webp?v=1739440563,kg,,2.36,true,,,true,,,active
lunabreatheâ„¢-advanced-anti-snoring-mask,,,,,,,,,black,,,,,,,,14:173#black,0.0,dsers-fulfillment-service,continue,dsers-fulfillment-service,29.00,40.00,true,false,,https://cdn.shopify.com/s/files/1/0916/8011/2927/files/S6ca2dacaf74d42f9a4ea235a86dbb5e8f.webp?v=1739440563,2,"",,,,,,,,,,,,,,,https://cdn.shopify.com/s/files/1/0916/8011/2927/files/S9d978ed1b8a240e0a93c32e79ecd0276z.webp?v=1739440563,kg,,2.36,,,,,,,
lunabreatheâ„¢-advanced-anti-snoring-mask,,,,,,,,,,,,,,,,,,,,,,,,,,,https://cdn.shopify.com/s/files/1/0916/8011/2927/files/Sf983ec37179e4ad9a0e0295ce3f6e43bl.webp?v=1739440563,3,"",,,,,,,,,,,,,,,,,,,,,,,,,
lunabreatheâ„¢-advanced-anti-snoring-mask,,,,,,,,,,,,,,,,,,,,,,,,,,,https://cdn.shopify.com/s/files/1/0916/8011/2927/files/S004e9dffef874f228417d88bd30874d9T.webp?v=1739440563,4,"",,,,,,,,,,,,,,,,,,,,,,,,,
lunabreatheâ„¢-advanced-anti-snoring-mask,,,,,,,,,,,,,,,,,,,,,,,,,,,https://cdn.shopify.com/s/files/1/0916/8011/2927/files/S82a867a76f94463fb57e24b727ff5140l.webp?v=1739440563,5,"",,,,,,,,,,,,,,,,,,,,,,,,,
lunabreatheâ„¢-advanced-anti-snoring-mask,,,,,,,,,,,,,,,,,,,,,,,,,,,https://cdn.shopify.com/s/files/1/0916/8011/2927/files/Sdbc4f0c04db7479094621b22915e9d8dr.webp?v=1739440563,6,"",,,,,,,,,,,,,,,,,,,,,,,,,
lunabreatheâ„¢-advanced-anti-snoring-mask,,,,,,,,,,,,,,,,,,,,,,,,,,,https://cdn.shopify.com/s/files/1/0916/8011/2927/files/Sa80ef86257974de99c79a19dec5306f14.webp?v=1739440563,7,"",,,,,,,,,,,,,,,,,,,,,,,,,
lunabreatheâ„¢-advanced-anti-snoring-mask,,,,,,,,,,,,,,,,,,,,,,,,,,,https://cdn.shopify.com/s/files/1/0916/8011/2927/files/Sfb13303320264dc3a06e6a46c6a0f27fh.webp?v=1739440563,8,"",,,,,,,,,,,,,,,,,,,,,,,,,
lunabreatheâ„¢-advanced-anti-snoring-mask,,,,,,,,,,,,,,,,,,,,,,,,,,,https://cdn.shopify.com/s/files/1/0916/8011/2927/files/S35163b283ab146b592f8192fdc97ad260.webp?v=1739440563,9,"",,,,,,,,,,,,,,,,,,,,,,,,,
lunabreatheâ„¢-advanced-anti-snoring-mask,,,,,,,,,,,,,,,,,,,,,,,,,,,https://cdn.shopify.com/s/files/1/0916/8011/2927/files/S9a2b588aa0444f348f7359aa73114613k.webp?v=1739440563,10,"",,,,,,,,,,,,,,,,,,,,,,,,,
lunabreatheâ„¢-advanced-anti-snoring-mask,,,,,,,,,,,,,,,,,,,,,,,,,,,https://cdn.shopify.com/s/files/1/0916/8011/2927/files/S9102c37f2ecf4e59831c52bd4db0646f8.webp?v=1739440563,11,"",,,,,,,,,,,,,,,,,,,,,,,,,
lunabreatheâ„¢-advanced-anti-snoring-mask,,,,,,,,,,,,,,,,,,,,,,,,,,,https://cdn.shopify.com/s/files/1/0916/8011/2927/files/Saa4890504d1a4e0e9da064bb8067cdffL.webp?v=1739440563,12,"",,,,,,,,,,,,,,,,,,,,,,,,,
lunabreatheâ„¢-advanced-anti-snoring-mask,,,,,,,,,,,,,,,,,,,,,,,,,,,https://cdn.shopify.com/s/files/1/0916/8011/2927/files/S0a2e28d7a4334bb3a42ce2e5e0a5368d7.webp?v=1739440563,13,"",,,,,,,,,,,,,,,,,,,,,,,,,
lunabreatheâ„¢-advanced-anti-snoring-mask,,,,,,,,,,,,,,,,,,,,,,,,,,,https://cdn.shopify.com/s/files/1/0916/8011/2927/files/S9d978ed1b8a240e0a93c32e79ecd0276z.webp?v=1739440563,14,"",,,,,,,,,,,,,,,,,,,,,,,,,
lunabreatheâ„¢-advanced-anti-snoring-mask,,,,,,,,,,,,,,,,,,,,,,,,,,,https://cdn.shopify.com/s/files/1/0916/8011/2927/files/S34ee1c56319a4946aada09a63bde30bcB.webp?v=1739440563,15,"",,,,,,,,,,,,,,,,,,,,,,,,,
